group_id,value,start_time,end_time,duration,duration_seconds
1,kitchen,2024-12-13 17:55:54.418,2024-12-13 18:05:34.524,0 days 00:09:40.106000,580.106
2,bathroom,2024-12-13 18:06:02.147,2024-12-13 18:18:16.063,0 days 00:12:13.916000,733.916
3,kitchen,2024-12-13 18:18:29.426,2024-12-13 18:18:29.426,0 days 00:00:00,0.0
4,bathroom,2024-12-13 18:18:46.031,2024-12-13 18:20:56.497,0 days 00:02:10.466000,130.466
5,kitchen,2024-12-13 18:20:56.506,2024-12-13 18:20:56.506,0 days 00:00:00,0.0
6,bathroom,2024-12-13 18:21:06.914,2024-12-13 18:21:38.981,0 days 00:00:32.067000,32.067
7,kitchen,2024-12-13 18:21:51.686,2024-12-13 18:21:51.686,0 days 00:00:00,0.0
8,bathroom,2024-12-13 18:21:55.807,2024-12-13 18:21:55.807,0 days 00:00:00,0.0
9,kitchen,2024-12-13 18:22:02.560,2024-12-13 18:22:02.560,0 days 00:00:00,0.0
10,bathroom,2024-12-13 18:22:02.675,2024-12-13 18:22:02.675,0 days 00:00:00,0.0
11,kitchen,2024-12-13 18:22:09.827,2024-12-13 18:22:09.827,0 days 00:00:00,0.0
12,bathroom,2024-12-13 18:22:17.275,2024-12-13 18:22:17.275,0 days 00:00:00,0.0
13,kitchen,2024-12-13 18:22:17.541,2024-12-13 18:23:23.441,0 days 00:01:05.900000,65.9
14,bathroom,2024-12-13 18:23:29.202,2024-12-13 18:23:29.202,0 days 00:00:00,0.0
15,kitchen,2024-12-13 18:23:34.831,2024-12-13 18:24:18.429,0 days 00:00:43.598000,43.598
16,bathroom,2024-12-13 18:24:28.258,2024-12-13 18:24:28.258,0 days 00:00:00,0.0
17,kitchen,2024-12-13 18:24:33.642,2024-12-13 18:24:33.642,0 days 00:00:00,0.0
18,bathroom,2024-12-13 18:24:35.545,2024-12-13 18:24:35.545,0 days 00:00:00,0.0
19,kitchen,2024-12-13 18:24:39.885,2024-12-13 18:24:39.885,0 days 00:00:00,0.0
20,bathroom,2024-12-13 18:24:46.334,2024-12-13 18:28:34.166,0 days 00:03:47.832000,227.832
21,kitchen,2024-12-13 18:28:49.710,2024-12-13 18:34:46.163,0 days 00:05:56.453000,356.453
22,bathroom,2024-12-13 18:37:35.369,2024-12-13 18:41:54.056,0 days 00:04:18.687000,258.687
23,kitchen,2024-12-13 18:42:06.460,2024-12-13 18:43:04.436,0 days 00:00:57.976000,57.976
24,bathroom,2024-12-13 18:43:10.108,2024-12-13 18:43:10.108,0 days 00:00:00,0.0
25,kitchen,2024-12-13 18:43:16.939,2024-12-13 18:43:16.939,0 days 00:00:00,0.0
26,bathroom,2024-12-13 18:43:19.465,2024-12-13 18:43:19.465,0 days 00:00:00,0.0
27,kitchen,2024-12-13 18:43:27.081,2024-12-13 18:44:14.252,0 days 00:00:47.171000,47.171
28,bathroom,2024-12-13 18:44:15.505,2024-12-13 18:44:15.505,0 days 00:00:00,0.0
29,kitchen,2024-12-13 18:44:25.841,2024-12-13 18:44:55.991,0 days 00:00:30.150000,30.15
30,bathroom,2024-12-13 18:45:04.868,2024-12-13 18:46:11.508,0 days 00:01:06.640000,66.64
31,kitchen,2024-12-13 18:46:18.985,2024-12-13 18:46:18.985,0 days 00:00:00,0.0
32,bathroom,2024-12-13 18:46:27.036,2024-12-13 18:46:27.036,0 days 00:00:00,0.0
33,kitchen,2024-12-13 18:46:27.898,2024-12-13 18:46:33.677,0 days 00:00:05.779000,5.779
34,bathroom,2024-12-13 18:46:38.182,2024-12-13 18:46:46.348,0 days 00:00:08.166000,8.166
35,kitchen,2024-12-13 18:47:11.859,2024-12-13 18:47:18.257,0 days 00:00:06.398000,6.398
36,bathroom,2024-12-13 18:47:37.089,2024-12-13 18:47:37.089,0 days 00:00:00,0.0
37,kitchen,2024-12-13 18:47:40.731,2024-12-13 18:48:45.214,0 days 00:01:04.483000,64.483
38,bathroom,2024-12-13 18:49:11.132,2024-12-13 18:49:11.132,0 days 00:00:00,0.0
39,kitchen,2024-12-13 18:49:22.581,2024-12-13 18:49:22.581,0 days 00:00:00,0.0
40,bathroom,2024-12-13 18:49:24.486,2024-12-13 18:49:24.486,0 days 00:00:00,0.0
41,kitchen,2024-12-13 18:49:36.629,2024-12-13 18:51:03.413,0 days 00:01:26.784000,86.784
42,bathroom,2024-12-13 18:51:04.873,2024-12-13 18:51:04.873,0 days 00:00:00,0.0
43,kitchen,2024-12-13 18:51:13.991,2024-12-13 18:51:56.219,0 days 00:00:42.228000,42.228
44,bathroom,2024-12-13 18:52:15.706,2024-12-13 18:53:07.739,0 days 00:00:52.033000,52.033
45,kitchen,2024-12-13 18:53:14.339,2024-12-13 18:53:14.339,0 days 00:00:00,0.0
46,bathroom,2024-12-13 18:53:14.773,2024-12-13 18:53:24.043,0 days 00:00:09.270000,9.27
47,kitchen,2024-12-13 18:53:26.801,2024-12-13 18:53:26.801,0 days 00:00:00,0.0
48,bathroom,2024-12-13 18:53:28.584,2024-12-13 18:53:48.031,0 days 00:00:19.447000,19.447
49,kitchen,2024-12-13 18:53:54.592,2024-12-13 18:53:54.592,0 days 00:00:00,0.0
50,bathroom,2024-12-13 18:53:56.833,2024-12-13 18:54:08.059,0 days 00:00:11.226000,11.226
51,kitchen,2024-12-13 18:54:14.974,2024-12-13 18:57:12.859,0 days 00:02:57.885000,177.885
52,bathroom,2024-12-13 19:00:34.406,2024-12-13 19:00:58.690,0 days 00:00:24.284000,24.284
53,kitchen,2024-12-13 19:01:03.747,2024-12-13 19:01:03.747,0 days 00:00:00,0.0
54,bathroom,2024-12-13 19:01:26.552,2024-12-13 19:01:28.645,0 days 00:00:02.093000,2.093
55,kitchen,2024-12-13 19:01:30.924,2024-12-13 19:01:59.009,0 days 00:00:28.085000,28.085
56,bathroom,2024-12-13 19:02:11.478,2024-12-13 19:02:11.478,0 days 00:00:00,0.0
57,kitchen,2024-12-13 19:02:13.579,2024-12-13 19:02:35.367,0 days 00:00:21.788000,21.788
58,bathroom,2024-12-13 19:02:35.999,2024-12-13 19:02:35.999,0 days 00:00:00,0.0
59,kitchen,2024-12-13 19:02:43.464,2024-12-13 19:03:17.124,0 days 00:00:33.660000,33.66
60,bathroom,2024-12-13 19:03:17.456,2024-12-13 19:04:01.766,0 days 00:00:44.310000,44.31
61,kitchen,2024-12-13 19:04:14.255,2024-12-13 19:04:39.250,0 days 00:00:24.995000,24.995
62,bathroom,2024-12-13 19:04:40.596,2024-12-13 19:07:11.760,0 days 00:02:31.164000,151.164
63,kitchen,2024-12-13 19:07:30.035,2024-12-13 19:07:30.035,0 days 00:00:00,0.0
64,bathroom,2024-12-13 19:07:38.531,2024-12-13 19:09:07.998,0 days 00:01:29.467000,89.467
65,kitchen,2024-12-13 19:11:54.485,2024-12-13 19:40:37.125,0 days 00:28:42.640000,1722.64
66,bathroom,2024-12-13 19:40:42.942,2024-12-13 19:45:50.425,0 days 00:05:07.483000,307.483
67,kitchen,2024-12-13 19:46:02.452,2024-12-13 19:46:32.085,0 days 00:00:29.633000,29.633
68,bathroom,2024-12-13 19:46:35.028,2024-12-13 19:46:35.028,0 days 00:00:00,0.0
69,kitchen,2024-12-13 19:46:38.353,2024-12-13 19:46:38.353,0 days 00:00:00,0.0
70,bathroom,2024-12-13 19:46:42.713,2024-12-13 19:46:50.060,0 days 00:00:07.347000,7.3469999999999995
71,kitchen,2024-12-13 19:47:00.068,2024-12-13 19:47:56.384,0 days 00:00:56.316000,56.316
72,bathroom,2024-12-13 19:48:03.254,2024-12-13 19:48:03.254,0 days 00:00:00,0.0
73,kitchen,2024-12-13 19:48:04.186,2024-12-13 19:48:04.186,0 days 00:00:00,0.0
74,bathroom,2024-12-13 19:48:10.082,2024-12-13 19:48:21.053,0 days 00:00:10.971000,10.971
75,kitchen,2024-12-13 19:48:26.017,2024-12-13 19:48:26.017,0 days 00:00:00,0.0
76,bathroom,2024-12-13 19:48:32.216,2024-12-13 19:49:21.038,0 days 00:00:48.822000,48.822
77,kitchen,2024-12-13 19:49:24.754,2024-12-13 19:49:24.754,0 days 00:00:00,0.0
78,bathroom,2024-12-13 19:49:33.757,2024-12-13 19:49:50.140,0 days 00:00:16.383000,16.383
79,kitchen,2024-12-13 19:49:50.708,2024-12-13 19:50:00.533,0 days 00:00:09.825000,9.825
80,bathroom,2024-12-13 19:50:06.486,2024-12-13 19:50:06.486,0 days 00:00:00,0.0
81,kitchen,2024-12-13 19:50:16.332,2024-12-13 19:50:16.332,0 days 00:00:00,0.0
82,bathroom,2024-12-13 19:50:16.896,2024-12-13 19:50:16.947,0 days 00:00:00.051000,0.051
83,kitchen,2024-12-13 19:50:26.290,2024-12-13 19:50:26.290,0 days 00:00:00,0.0
84,bathroom,2024-12-13 19:50:43.573,2024-12-13 19:50:49.750,0 days 00:00:06.177000,6.177
85,kitchen,2024-12-13 19:50:54.101,2024-12-13 19:51:20.267,0 days 00:00:26.166000,26.166
86,bathroom,2024-12-13 19:51:36.609,2024-12-13 19:51:42.865,0 days 00:00:06.256000,6.256
87,kitchen,2024-12-13 19:51:44.956,2024-12-13 19:52:55.371,0 days 00:01:10.415000,70.415
88,bathroom,2024-12-13 19:54:24.796,2024-12-13 19:54:24.796,0 days 00:00:00,0.0
89,kitchen,2024-12-13 19:56:36.981,2024-12-13 19:57:52.367,0 days 00:01:15.386000,75.386
90,bathroom,2024-12-13 19:57:55.819,2024-12-13 19:57:55.819,0 days 00:00:00,0.0
91,kitchen,2024-12-13 19:58:00.427,2024-12-13 19:58:00.427,0 days 00:00:00,0.0
92,bathroom,2024-12-13 19:58:03.608,2024-12-13 19:58:03.608,0 days 00:00:00,0.0
93,kitchen,2024-12-13 19:58:09.929,2024-12-13 19:58:09.929,0 days 00:00:00,0.0
94,bathroom,2024-12-13 19:58:12.201,2024-12-13 19:58:12.201,0 days 00:00:00,0.0
95,kitchen,2024-12-13 19:58:14.590,2024-12-13 20:01:34.628,0 days 00:03:20.038000,200.038
96,bathroom,2024-12-13 20:03:14.756,2024-12-13 20:03:54.943,0 days 00:00:40.187000,40.187
97,kitchen,2024-12-13 20:07:40.983,2024-12-13 20:43:33.189,0 days 00:35:52.206000,2152.206
98,bathroom,2024-12-13 20:45:27.910,2024-12-13 20:47:58.677,0 days 00:02:30.767000,150.767
99,kitchen,2024-12-13 20:48:18.214,2024-12-13 20:50:33.369,0 days 00:02:15.155000,135.155
100,bathroom,2024-12-13 20:59:52.100,2024-12-13 21:00:58.578,0 days 00:01:06.478000,66.478
101,kitchen,2024-12-13 21:01:30.223,2024-12-13 21:01:30.223,0 days 00:00:00,0.0
102,bathroom,2024-12-13 21:01:30.843,2024-12-13 21:01:37.374,0 days 00:00:06.531000,6.531
103,kitchen,2024-12-13 21:01:37.418,2024-12-13 21:01:37.418,0 days 00:00:00,0.0
104,bathroom,2024-12-13 21:01:44.542,2024-12-13 21:01:44.542,0 days 00:00:00,0.0
105,kitchen,2024-12-13 21:01:48.741,2024-12-13 21:01:48.741,0 days 00:00:00,0.0
106,bathroom,2024-12-13 21:02:04.383,2024-12-13 21:06:41.039,0 days 00:04:36.656000,276.656
107,kitchen,2024-12-13 21:09:48.979,2024-12-13 21:14:36.764,0 days 00:04:47.785000,287.785
108,bathroom,2024-12-13 21:57:35.175,2024-12-13 21:57:48.353,0 days 00:00:13.178000,13.178
109,kitchen,2024-12-13 21:58:11.556,2024-12-13 21:58:11.556,0 days 00:00:00,0.0
110,bathroom,2024-12-13 21:58:18.424,2024-12-13 21:58:18.424,0 days 00:00:00,0.0
111,kitchen,2024-12-13 21:58:18.686,2024-12-13 21:58:33.796,0 days 00:00:15.110000,15.11
112,bathroom,2024-12-13 22:01:55.264,2024-12-13 22:02:39.992,0 days 00:00:44.728000,44.728
113,kitchen,2024-12-13 22:02:42.835,2024-12-13 22:02:42.835,0 days 00:00:00,0.0
114,bathroom,2024-12-13 22:02:49.778,2024-12-13 22:02:49.778,0 days 00:00:00,0.0
115,kitchen,2024-12-13 22:02:52.417,2024-12-13 22:02:57.744,0 days 00:00:05.327000,5.327
116,bathroom,2024-12-13 22:03:01.055,2024-12-13 22:03:01.055,0 days 00:00:00,0.0
117,kitchen,2024-12-13 22:03:02.052,2024-12-13 22:03:18.427,0 days 00:00:16.375000,16.375
118,bathroom,2024-12-13 22:03:28.654,2024-12-13 22:03:28.654,0 days 00:00:00,0.0
119,kitchen,2024-12-13 22:03:36.874,2024-12-13 22:03:47.730,0 days 00:00:10.856000,10.856
120,bathroom,2024-12-13 22:04:00.114,2024-12-13 22:04:00.114,0 days 00:00:00,0.0
121,kitchen,2024-12-13 22:04:02.087,2024-12-13 22:04:48.764,0 days 00:00:46.677000,46.677
122,bathroom,2024-12-13 22:04:55.941,2024-12-13 22:04:55.941,0 days 00:00:00,0.0
123,kitchen,2024-12-13 22:04:58.417,2024-12-13 22:05:08.123,0 days 00:00:09.706000,9.706
124,bathroom,2024-12-13 22:05:16.243,2024-12-13 22:05:16.243,0 days 00:00:00,0.0
125,kitchen,2024-12-13 22:05:21.679,2024-12-13 22:05:48.451,0 days 00:00:26.772000,26.772
126,bathroom,2024-12-13 22:06:09.592,2024-12-13 22:06:09.592,0 days 00:00:00,0.0
127,kitchen,2024-12-13 22:06:14.565,2024-12-13 22:06:14.565,0 days 00:00:00,0.0
128,bathroom,2024-12-13 22:06:22.660,2024-12-13 22:07:07.873,0 days 00:00:45.213000,45.213
129,kitchen,2024-12-13 22:07:13.656,2024-12-13 22:07:28.877,0 days 00:00:15.221000,15.221
130,bathroom,2024-12-13 22:07:34.032,2024-12-13 22:07:34.032,0 days 00:00:00,0.0
131,kitchen,2024-12-13 22:07:43.620,2024-12-13 22:07:50.749,0 days 00:00:07.129000,7.129
132,bathroom,2024-12-13 22:07:54.535,2024-12-13 22:08:00.354,0 days 00:00:05.819000,5.819
133,kitchen,2024-12-13 22:08:06.100,2024-12-13 22:08:06.100,0 days 00:00:00,0.0
134,bathroom,2024-12-13 22:08:14.860,2024-12-13 22:08:49.190,0 days 00:00:34.330000,34.33
135,kitchen,2024-12-13 22:09:04.012,2024-12-13 22:09:44.295,0 days 00:00:40.283000,40.283
136,bathroom,2024-12-13 22:10:57.246,2024-12-13 22:26:38.664,0 days 00:15:41.418000,941.418
137,kitchen,2024-12-14 02:02:42.844,2024-12-14 05:27:55.113,0 days 03:25:12.269000,12312.269
138,bathroom,2024-12-14 05:43:39.932,2024-12-14 05:47:14.908,0 days 00:03:34.976000,214.976
139,kitchen,2024-12-14 05:50:17.689,2024-12-14 05:57:21.567,0 days 00:07:03.878000,423.878
140,bathroom,2024-12-14 06:00:36.979,2024-12-14 06:01:41.867,0 days 00:01:04.888000,64.888
141,kitchen,2024-12-14 06:02:35.089,2024-12-14 06:02:48.574,0 days 00:00:13.485000,13.485
142,bathroom,2024-12-14 06:02:52.246,2024-12-14 06:02:52.246,0 days 00:00:00,0.0
143,kitchen,2024-12-14 06:02:54.990,2024-12-14 06:03:25.727,0 days 00:00:30.737000,30.737
144,bathroom,2024-12-14 06:03:32.875,2024-12-14 06:03:32.875,0 days 00:00:00,0.0
145,kitchen,2024-12-14 06:03:33.028,2024-12-14 06:03:33.028,0 days 00:00:00,0.0
146,bathroom,2024-12-14 06:03:43.598,2024-12-14 06:03:43.598,0 days 00:00:00,0.0
147,kitchen,2024-12-14 06:03:52.571,2024-12-14 06:03:52.571,0 days 00:00:00,0.0
148,bathroom,2024-12-14 06:03:59.908,2024-12-14 06:03:59.908,0 days 00:00:00,0.0
149,kitchen,2024-12-14 06:04:06.062,2024-12-14 06:04:12.228,0 days 00:00:06.166000,6.166
150,bathroom,2024-12-14 06:04:18.491,2024-12-14 06:04:18.491,0 days 00:00:00,0.0
151,kitchen,2024-12-14 06:04:20.074,2024-12-14 06:25:55.780,0 days 00:21:35.706000,1295.706
152,bathroom,2024-12-14 06:39:35.688,2024-12-14 18:28:22.149,0 days 11:48:46.461000,42526.461
153,kitchen,2024-12-14 18:29:25.826,2024-12-14 18:32:18.840,0 days 00:02:53.014000,173.014
154,bathroom,2024-12-14 18:32:26.847,2024-12-14 18:32:33.373,0 days 00:00:06.526000,6.526
155,kitchen,2024-12-14 18:32:39.778,2024-12-14 18:32:39.778,0 days 00:00:00,0.0
156,bathroom,2024-12-14 18:32:40.320,2024-12-14 18:33:24.400,0 days 00:00:44.080000,44.08
157,kitchen,2024-12-14 18:33:25.055,2024-12-14 18:33:47.785,0 days 00:00:22.730000,22.73
158,bathroom,2024-12-14 18:33:48.627,2024-12-14 18:33:51.036,0 days 00:00:02.409000,2.409
159,kitchen,2024-12-14 18:34:00.620,2024-12-14 18:34:01.719,0 days 00:00:01.099000,1.099
160,bathroom,2024-12-14 18:34:02.678,2024-12-14 18:34:09.879,0 days 00:00:07.201000,7.201
161,kitchen,2024-12-14 18:34:16.489,2024-12-14 18:34:24.499,0 days 00:00:08.010000,8.01
162,bathroom,2024-12-14 18:34:26.821,2024-12-14 18:34:29.933,0 days 00:00:03.112000,3.112
163,kitchen,2024-12-14 18:34:33.981,2024-12-14 18:34:33.981,0 days 00:00:00,0.0
164,bathroom,2024-12-14 18:34:36.369,2024-12-14 18:34:39.319,0 days 00:00:02.950000,2.95
165,kitchen,2024-12-14 18:34:42.596,2024-12-14 18:34:42.596,0 days 00:00:00,0.0
166,bathroom,2024-12-14 18:34:45.540,2024-12-14 18:34:45.540,0 days 00:00:00,0.0
167,kitchen,2024-12-14 18:34:46.950,2024-12-14 18:34:46.950,0 days 00:00:00,0.0
168,bathroom,2024-12-14 18:34:58.701,2024-12-14 18:34:58.701,0 days 00:00:00,0.0
169,kitchen,2024-12-14 18:34:59.321,2024-12-14 18:35:00.281,0 days 00:00:00.960000,0.96
170,bathroom,2024-12-14 18:35:03.053,2024-12-14 18:35:03.053,0 days 00:00:00,0.0
171,kitchen,2024-12-14 18:35:09.167,2024-12-14 18:35:23.036,0 days 00:00:13.869000,13.869
172,bathroom,2024-12-14 18:35:35.458,2024-12-14 18:35:35.458,0 days 00:00:00,0.0
173,kitchen,2024-12-14 18:35:35.485,2024-12-14 18:37:54.554,0 days 00:02:19.069000,139.069
174,bathroom,2024-12-14 18:38:53.827,2024-12-14 18:38:53.827,0 days 00:00:00,0.0
175,kitchen,2024-12-14 18:40:24.321,2024-12-14 18:41:00.293,0 days 00:00:35.972000,35.972
176,bathroom,2024-12-14 18:41:12.643,2024-12-14 18:41:12.643,0 days 00:00:00,0.0
177,kitchen,2024-12-14 18:41:28.055,2024-12-14 18:43:24.446,0 days 00:01:56.391000,116.391
178,bathroom,2024-12-14 18:43:33.942,2024-12-14 18:43:33.942,0 days 00:00:00,0.0
179,kitchen,2024-12-14 18:43:37.412,2024-12-14 18:43:39.233,0 days 00:00:01.821000,1.821
180,bathroom,2024-12-14 18:44:03.622,2024-12-14 18:48:01.511,0 days 00:03:57.889000,237.889
181,kitchen,2024-12-14 18:50:39.234,2024-12-14 18:51:07.624,0 days 00:00:28.390000,28.39
182,bathroom,2024-12-14 18:51:16.689,2024-12-14 18:51:16.689,0 days 00:00:00,0.0
183,kitchen,2024-12-14 18:51:25.111,2024-12-14 19:15:36.589,0 days 00:24:11.478000,1451.478
184,bathroom,2024-12-14 19:15:42.827,2024-12-14 19:15:50.866,0 days 00:00:08.039000,8.039
185,kitchen,2024-12-14 19:15:51.287,2024-12-14 19:15:51.287,0 days 00:00:00,0.0
186,bathroom,2024-12-14 19:15:56.523,2024-12-14 19:15:56.523,0 days 00:00:00,0.0
187,kitchen,2024-12-14 19:16:06.053,2024-12-14 19:16:06.262,0 days 00:00:00.209000,0.209
188,bathroom,2024-12-14 19:16:14.910,2024-12-14 19:16:14.910,0 days 00:00:00,0.0
189,kitchen,2024-12-14 19:16:17.374,2024-12-14 19:16:17.936,0 days 00:00:00.562000,0.562
190,bathroom,2024-12-14 19:16:23.602,2024-12-14 19:16:23.602,0 days 00:00:00,0.0
191,kitchen,2024-12-14 19:16:24.490,2024-12-14 19:16:39.947,0 days 00:00:15.457000,15.457
192,bathroom,2024-12-14 19:16:46.021,2024-12-14 19:16:46.021,0 days 00:00:00,0.0
193,kitchen,2024-12-14 19:16:56.727,2024-12-14 19:16:56.727,0 days 00:00:00,0.0
194,bathroom,2024-12-14 19:17:02.021,2024-12-14 19:17:02.021,0 days 00:00:00,0.0
195,kitchen,2024-12-14 19:17:05.039,2024-12-14 19:17:05.039,0 days 00:00:00,0.0
196,bathroom,2024-12-14 19:17:08.997,2024-12-14 19:17:08.997,0 days 00:00:00,0.0
197,kitchen,2024-12-14 19:17:30.789,2024-12-14 19:17:30.789,0 days 00:00:00,0.0
198,bathroom,2024-12-14 19:17:32.053,2024-12-14 19:17:32.053,0 days 00:00:00,0.0
199,kitchen,2024-12-14 19:17:37.740,2024-12-14 19:17:37.740,0 days 00:00:00,0.0
200,bathroom,2024-12-14 19:17:38.709,2024-12-14 19:21:20.951,0 days 00:03:42.242000,222.242
201,kitchen,2024-12-14 19:21:26.881,2024-12-14 19:21:26.881,0 days 00:00:00,0.0
202,bathroom,2024-12-14 19:21:28.176,2024-12-14 19:21:28.176,0 days 00:00:00,0.0
203,kitchen,2024-12-14 19:21:29.722,2024-12-14 19:21:35.762,0 days 00:00:06.040000,6.04
204,bathroom,2024-12-14 19:21:45.720,2024-12-14 19:21:45.720,0 days 00:00:00,0.0
205,kitchen,2024-12-14 19:21:49.440,2024-12-14 19:21:49.440,0 days 00:00:00,0.0
206,bathroom,2024-12-14 19:21:55.658,2024-12-14 19:21:55.658,0 days 00:00:00,0.0
207,kitchen,2024-12-14 19:21:57.501,2024-12-14 19:22:03.863,0 days 00:00:06.362000,6.362
208,bathroom,2024-12-14 19:22:04.166,2024-12-14 19:22:04.166,0 days 00:00:00,0.0
209,kitchen,2024-12-14 19:22:08.987,2024-12-14 19:22:19.611,0 days 00:00:10.624000,10.624
210,bathroom,2024-12-14 19:22:20.543,2024-12-14 19:22:20.543,0 days 00:00:00,0.0
211,kitchen,2024-12-14 19:22:22.346,2024-12-14 19:22:47.746,0 days 00:00:25.400000,25.4
212,bathroom,2024-12-14 19:22:50.074,2024-12-14 19:22:50.074,0 days 00:00:00,0.0
213,kitchen,2024-12-14 19:22:55.398,2024-12-14 19:23:37.540,0 days 00:00:42.142000,42.142
214,bathroom,2024-12-14 19:23:40.018,2024-12-14 19:23:40.018,0 days 00:00:00,0.0
215,kitchen,2024-12-14 19:23:42.211,2024-12-14 19:25:26.516,0 days 00:01:44.305000,104.305
216,bathroom,2024-12-14 19:25:33.626,2024-12-14 19:25:33.626,0 days 00:00:00,0.0
217,kitchen,2024-12-14 19:25:37.382,2024-12-14 19:25:37.382,0 days 00:00:00,0.0
218,bathroom,2024-12-14 19:25:40.733,2024-12-14 19:25:40.733,0 days 00:00:00,0.0
219,kitchen,2024-12-14 19:25:42.971,2024-12-14 19:25:42.971,0 days 00:00:00,0.0
220,bathroom,2024-12-14 19:25:54.412,2024-12-14 19:25:54.412,0 days 00:00:00,0.0
221,kitchen,2024-12-14 19:26:03.759,2024-12-14 19:26:27.056,0 days 00:00:23.297000,23.297
222,bathroom,2024-12-14 19:26:48.889,2024-12-14 19:28:00.787,0 days 00:01:11.898000,71.898
223,kitchen,2024-12-14 19:31:39.806,2024-12-14 19:33:31.465,0 days 00:01:51.659000,111.659
224,bathroom,2024-12-14 19:33:32.161,2024-12-14 19:33:32.161,0 days 00:00:00,0.0
225,kitchen,2024-12-14 19:33:32.771,2024-12-14 19:33:40.581,0 days 00:00:07.810000,7.8100000000000005
226,bathroom,2024-12-14 19:33:40.957,2024-12-14 19:33:40.957,0 days 00:00:00,0.0
227,kitchen,2024-12-14 19:33:49.607,2024-12-14 19:35:01.585,0 days 00:01:11.978000,71.978
228,bathroom,2024-12-14 19:35:12.141,2024-12-14 19:35:12.141,0 days 00:00:00,0.0
229,kitchen,2024-12-14 19:35:21.138,2024-12-14 19:35:44.545,0 days 00:00:23.407000,23.407
230,bathroom,2024-12-14 19:36:11.946,2024-12-14 19:36:11.946,0 days 00:00:00,0.0
231,kitchen,2024-12-14 19:36:14.608,2024-12-14 19:36:35.111,0 days 00:00:20.503000,20.503
232,bathroom,2024-12-14 19:36:39.737,2024-12-14 19:36:49.079,0 days 00:00:09.342000,9.342
233,kitchen,2024-12-14 19:37:06.366,2024-12-14 19:37:14.000,0 days 00:00:07.634000,7.634
234,bathroom,2024-12-14 19:37:32.613,2024-12-14 19:37:32.613,0 days 00:00:00,0.0
235,kitchen,2024-12-14 19:37:32.717,2024-12-14 19:37:32.717,0 days 00:00:00,0.0
236,bathroom,2024-12-14 19:37:39.879,2024-12-14 19:37:53.731,0 days 00:00:13.852000,13.852
237,kitchen,2024-12-14 19:44:22.812,2024-12-14 19:45:07.147,0 days 00:00:44.335000,44.335
238,bathroom,2024-12-14 19:45:11.321,2024-12-14 19:45:11.321,0 days 00:00:00,0.0
239,kitchen,2024-12-14 19:45:14.462,2024-12-14 19:45:14.462,0 days 00:00:00,0.0
240,bathroom,2024-12-14 19:45:21.633,2024-12-14 19:45:21.633,0 days 00:00:00,0.0
241,kitchen,2024-12-14 19:45:22.474,2024-12-14 19:45:22.474,0 days 00:00:00,0.0
242,bathroom,2024-12-14 19:45:42.929,2024-12-14 19:46:08.976,0 days 00:00:26.047000,26.047
243,kitchen,2024-12-14 19:46:20.321,2024-12-14 19:46:20.321,0 days 00:00:00,0.0
244,bathroom,2024-12-14 19:46:49.070,2024-12-14 19:55:19.400,0 days 00:08:30.330000,510.33
245,kitchen,2024-12-14 19:57:12.155,2024-12-14 19:58:23.447,0 days 00:01:11.292000,71.292
246,bathroom,2024-12-14 19:58:34.391,2024-12-14 19:58:34.391,0 days 00:00:00,0.0
247,kitchen,2024-12-14 19:58:40.191,2024-12-14 19:58:45.480,0 days 00:00:05.289000,5.289
248,bathroom,2024-12-14 19:59:27.811,2024-12-14 20:00:05.057,0 days 00:00:37.246000,37.246
249,kitchen,2024-12-14 20:33:56.157,2024-12-14 20:34:03.709,0 days 00:00:07.552000,7.552
250,bathroom,2024-12-14 20:36:13.741,2024-12-14 20:42:26.523,0 days 00:06:12.782000,372.782
251,kitchen,2024-12-14 20:43:44.743,2024-12-14 20:46:04.810,0 days 00:02:20.067000,140.067
252,bathroom,2024-12-14 21:08:02.394,2024-12-14 21:34:24.605,0 days 00:26:22.211000,1582.211
253,kitchen,2024-12-14 21:37:22.276,2024-12-14 21:39:06.033,0 days 00:01:43.757000,103.757
254,bathroom,2024-12-14 21:51:38.993,2024-12-15 00:19:14.433,0 days 02:27:35.440000,8855.44
255,kitchen,2024-12-15 07:42:37.709,2024-12-15 07:42:37.709,0 days 00:00:00,0.0
256,bathroom,2024-12-15 07:54:25.477,2024-12-15 07:54:38.349,0 days 00:00:12.872000,12.872
257,kitchen,2024-12-15 08:21:13.133,2024-12-15 09:11:16.501,0 days 00:50:03.368000,3003.368
258,bathroom,2024-12-15 09:13:32.933,2024-12-15 09:15:27.950,0 days 00:01:55.017000,115.017
259,kitchen,2024-12-15 09:23:41.529,2024-12-15 10:20:55.821,0 days 00:57:14.292000,3434.292
260,bathroom,2024-12-15 10:21:14.705,2024-12-15 10:21:51.459,0 days 00:00:36.754000,36.754
261,kitchen,2024-12-15 10:23:32.884,2024-12-15 10:23:32.884,0 days 00:00:00,0.0
262,bathroom,2024-12-15 10:24:25.858,2024-12-15 10:24:25.858,0 days 00:00:00,0.0
263,kitchen,2024-12-15 10:25:34.254,2024-12-15 10:39:20.744,0 days 00:13:46.490000,826.49
264,bathroom,2024-12-15 10:46:54.038,2024-12-15 10:50:46.599,0 days 00:03:52.561000,232.561
265,kitchen,2024-12-15 10:52:07.465,2024-12-15 10:52:14.145,0 days 00:00:06.680000,6.68
266,bathroom,2024-12-15 10:52:25.730,2024-12-15 10:52:54.322,0 days 00:00:28.592000,28.592
267,kitchen,2024-12-15 10:53:15.899,2024-12-15 10:53:15.899,0 days 00:00:00,0.0
268,bathroom,2024-12-15 10:53:41.016,2024-12-15 10:53:48.002,0 days 00:00:06.986000,6.986
269,kitchen,2024-12-15 10:53:52.103,2024-12-15 10:53:52.103,0 days 00:00:00,0.0
270,bathroom,2024-12-15 10:53:58.295,2024-12-15 10:54:03.750,0 days 00:00:05.455000,5.455
271,kitchen,2024-12-15 10:54:04.299,2024-12-15 10:54:04.299,0 days 00:00:00,0.0
272,bathroom,2024-12-15 10:54:13.577,2024-12-15 10:54:13.577,0 days 00:00:00,0.0
273,kitchen,2024-12-15 10:54:22.371,2024-12-15 10:54:22.371,0 days 00:00:00,0.0
274,bathroom,2024-12-15 10:54:30.445,2024-12-15 10:54:30.445,0 days 00:00:00,0.0
275,kitchen,2024-12-15 10:54:36.562,2024-12-15 10:55:07.242,0 days 00:00:30.680000,30.68
276,bathroom,2024-12-15 10:55:46.096,2024-12-15 11:37:39.721,0 days 00:41:53.625000,2513.625
277,kitchen,2024-12-15 11:37:40.674,2024-12-15 11:37:52.368,0 days 00:00:11.694000,11.693999999999999
278,bathroom,2024-12-15 11:38:09.360,2024-12-15 11:38:09.360,0 days 00:00:00,0.0
279,kitchen,2024-12-15 11:38:10.986,2024-12-15 11:38:18.463,0 days 00:00:07.477000,7.477
280,bathroom,2024-12-15 11:38:18.883,2024-12-15 11:38:18.883,0 days 00:00:00,0.0
281,kitchen,2024-12-15 11:38:24.748,2024-12-15 11:38:24.748,0 days 00:00:00,0.0
282,bathroom,2024-12-15 11:38:27.377,2024-12-15 11:38:27.377,0 days 00:00:00,0.0
283,kitchen,2024-12-15 11:38:37.630,2024-12-15 11:38:37.630,0 days 00:00:00,0.0
284,bathroom,2024-12-15 11:38:41.273,2024-12-15 11:38:41.273,0 days 00:00:00,0.0
285,kitchen,2024-12-15 11:39:17.679,2024-12-15 11:39:17.679,0 days 00:00:00,0.0
286,bathroom,2024-12-15 11:39:22.472,2024-12-15 11:39:22.472,0 days 00:00:00,0.0
287,kitchen,2024-12-15 11:39:22.796,2024-12-15 11:45:13.445,0 days 00:05:50.649000,350.649
288,bathroom,2024-12-15 11:49:23.581,2024-12-15 11:49:23.581,0 days 00:00:00,0.0
289,kitchen,2024-12-15 11:49:25.055,2024-12-15 11:49:33.003,0 days 00:00:07.948000,7.948
290,bathroom,2024-12-15 11:49:33.796,2024-12-15 11:49:33.796,0 days 00:00:00,0.0
291,kitchen,2024-12-15 11:49:38.908,2024-12-15 11:50:17.373,0 days 00:00:38.465000,38.465
292,bathroom,2024-12-15 11:50:31.195,2024-12-15 11:50:31.195,0 days 00:00:00,0.0
293,kitchen,2024-12-15 11:51:02.039,2024-12-15 11:51:44.773,0 days 00:00:42.734000,42.734
294,bathroom,2024-12-15 11:51:45.816,2024-12-15 11:51:45.816,0 days 00:00:00,0.0
295,kitchen,2024-12-15 11:51:53.436,2024-12-15 11:52:19.895,0 days 00:00:26.459000,26.459
296,bathroom,2024-12-15 11:53:21.234,2024-12-15 12:04:05.635,0 days 00:10:44.401000,644.401
297,kitchen,2024-12-15 12:11:43.431,2024-12-15 12:16:53.504,0 days 00:05:10.073000,310.073
298,bathroom,2024-12-15 12:17:21.925,2024-12-15 12:18:17.364,0 days 00:00:55.439000,55.439
299,kitchen,2024-12-15 12:19:24.953,2024-12-15 12:20:35.723,0 days 00:01:10.770000,70.77
300,bathroom,2024-12-15 12:36:42.365,2024-12-15 12:48:38.732,0 days 00:11:56.367000,716.367
301,kitchen,2024-12-15 12:51:33.558,2024-12-15 12:53:27.482,0 days 00:01:53.924000,113.924
302,bathroom,2024-12-15 12:54:07.092,2024-12-15 12:54:07.092,0 days 00:00:00,0.0
303,kitchen,2024-12-15 12:54:13.710,2024-12-15 14:56:36.358,0 days 02:02:22.648000,7342.648
304,bathroom,2024-12-15 14:59:47.476,2024-12-15 15:00:57.472,0 days 00:01:09.996000,69.996
305,kitchen,2024-12-15 15:01:36.555,2024-12-15 15:01:36.555,0 days 00:00:00,0.0
306,bathroom,2024-12-15 15:01:36.608,2024-12-15 15:01:36.608,0 days 00:00:00,0.0
307,kitchen,2024-12-15 15:01:44.177,2024-12-15 15:01:44.177,0 days 00:00:00,0.0
308,bathroom,2024-12-15 15:01:46.806,2024-12-15 15:01:46.806,0 days 00:00:00,0.0
309,kitchen,2024-12-15 15:01:55.249,2024-12-15 15:01:55.249,0 days 00:00:00,0.0
310,bathroom,2024-12-15 15:02:07.345,2024-12-15 15:02:07.345,0 days 00:00:00,0.0
311,kitchen,2024-12-15 15:02:07.359,2024-12-15 15:02:07.359,0 days 00:00:00,0.0
312,bathroom,2024-12-15 15:02:20.356,2024-12-15 15:09:29.117,0 days 00:07:08.761000,428.761
313,kitchen,2024-12-15 15:16:55.545,2024-12-15 15:17:03.438,0 days 00:00:07.893000,7.893
314,bathroom,2024-12-15 15:17:23.494,2024-12-15 15:17:23.494,0 days 00:00:00,0.0
315,kitchen,2024-12-15 15:17:28.011,2024-12-15 15:17:28.011,0 days 00:00:00,0.0
316,bathroom,2024-12-15 15:17:37.915,2024-12-15 15:17:37.915,0 days 00:00:00,0.0
317,kitchen,2024-12-15 15:17:39.926,2024-12-15 15:37:23.446,0 days 00:19:43.520000,1183.52
318,bathroom,2024-12-15 15:46:11.594,2024-12-15 15:49:04.569,0 days 00:02:52.975000,172.975
319,kitchen,2024-12-15 16:27:20.861,2024-12-15 16:28:08.156,0 days 00:00:47.295000,47.295
320,bathroom,2024-12-15 16:33:11.969,2024-12-15 16:36:35.062,0 days 00:03:23.093000,203.093
321,kitchen,2024-12-15 16:37:53.361,2024-12-15 16:39:03.735,0 days 00:01:10.374000,70.374
322,bathroom,2024-12-15 17:17:59.439,2024-12-15 18:07:51.956,0 days 00:49:52.517000,2992.517
323,livingroombedarea,2024-12-15 22:10:00.685,2024-12-15 22:10:06.428,0 days 00:00:05.743000,5.743
324,livingroomdoor,2024-12-15 22:10:25.000,2024-12-15 22:10:25.000,0 days 00:00:00,0.0
325,livingroombedarea,2024-12-15 22:10:37.642,2024-12-15 22:11:15.618,0 days 00:00:37.976000,37.976
326,bathroom,2024-12-15 22:18:39.135,2024-12-15 22:50:57.410,0 days 00:32:18.275000,1938.275
327,kitchen,2024-12-16 07:08:32.020,2024-12-16 07:18:47.521,0 days 00:10:15.501000,615.501
328,bathroom,2024-12-16 07:24:08.692,2024-12-16 12:36:42.106,0 days 05:12:33.414000,18753.414
329,kitchen,2024-12-16 12:36:55.429,2024-12-16 12:37:03.703,0 days 00:00:08.274000,8.274000000000001
330,bathroom,2024-12-16 12:37:09.720,2024-12-16 12:37:09.720,0 days 00:00:00,0.0
331,kitchen,2024-12-16 12:37:35.167,2024-12-16 12:37:50.661,0 days 00:00:15.494000,15.494
332,bathroom,2024-12-16 12:38:00.944,2024-12-16 12:38:00.944,0 days 00:00:00,0.0
333,kitchen,2024-12-16 12:38:06.141,2024-12-16 12:38:23.106,0 days 00:00:16.965000,16.965
334,bathroom,2024-12-16 12:38:31.109,2024-12-16 12:38:31.109,0 days 00:00:00,0.0
335,kitchen,2024-12-16 12:38:39.117,2024-12-16 12:38:39.117,0 days 00:00:00,0.0
336,bathroom,2024-12-16 12:38:40.625,2024-12-16 12:38:47.862,0 days 00:00:07.237000,7.237
337,kitchen,2024-12-16 12:38:47.864,2024-12-16 12:38:47.864,0 days 00:00:00,0.0
338,bathroom,2024-12-16 12:38:57.930,2024-12-16 12:39:04.005,0 days 00:00:06.075000,6.075
339,kitchen,2024-12-16 12:39:17.837,2024-12-16 12:57:34.038,0 days 00:18:16.201000,1096.201
340,livingroomdoor,2024-12-16 12:59:06.000,2024-12-16 12:59:06.000,0 days 00:00:00,0.0
341,kitchen,2024-12-16 13:13:53.788,2024-12-16 13:14:32.334,0 days 00:00:38.546000,38.546
342,livingroomdoor,2024-12-16 13:31:07.000,2024-12-16 13:31:07.000,0 days 00:00:00,0.0
343,kitchen,2024-12-16 13:49:49.888,2024-12-16 16:20:50.791,0 days 02:31:00.903000,9060.903
344,bathroom,2024-12-16 16:22:39.212,2024-12-16 16:22:59.368,0 days 00:00:20.156000,20.156
345,kitchen,2024-12-16 17:04:18.619,2024-12-16 17:04:44.763,0 days 00:00:26.144000,26.144
346,bathroom,2024-12-16 17:07:33.149,2024-12-16 17:07:33.149,0 days 00:00:00,0.0
347,kitchen,2024-12-16 17:07:59.099,2024-12-16 17:07:59.099,0 days 00:00:00,0.0
348,livingroombedarea,2024-12-16 18:59:13.277,2024-12-16 18:59:54.272,0 days 00:00:40.995000,40.995
349,kitchen,2024-12-16 19:06:41.789,2024-12-16 19:08:43.960,0 days 00:02:02.171000,122.171
350,bathroom,2024-12-16 19:14:37.068,2024-12-16 19:14:59.889,0 days 00:00:22.821000,22.821
351,kitchen,2024-12-16 22:30:41.767,2024-12-16 22:42:49.594,0 days 00:12:07.827000,727.827
352,bathroom,2024-12-16 22:58:34.479,2024-12-16 23:00:47.076,0 days 00:02:12.597000,132.597
353,kitchen,2024-12-16 23:00:48.353,2024-12-16 23:00:48.353,0 days 00:00:00,0.0
354,bathroom,2024-12-16 23:01:06.656,2024-12-16 23:01:06.656,0 days 00:00:00,0.0
355,kitchen,2024-12-16 23:01:23.824,2024-12-16 23:01:37.741,0 days 00:00:13.917000,13.917
356,bathroom,2024-12-16 23:01:40.239,2024-12-16 23:01:55.221,0 days 00:00:14.982000,14.982
357,kitchen,2024-12-16 23:02:05.524,2024-12-16 23:02:14.348,0 days 00:00:08.824000,8.824
358,bathroom,2024-12-16 23:02:21.564,2024-12-16 23:02:21.564,0 days 00:00:00,0.0
359,kitchen,2024-12-16 23:05:38.895,2024-12-16 23:06:48.362,0 days 00:01:09.467000,69.467
360,bathroom,2024-12-16 23:07:02.766,2024-12-16 23:07:26.153,0 days 00:00:23.387000,23.387
361,livingroomdoor,2024-12-16 23:11:47.000,2024-12-16 23:11:47.000,0 days 00:00:00,0.0
362,bathroom,2024-12-16 23:17:14.329,2024-12-16 23:21:23.056,0 days 00:04:08.727000,248.727
363,kitchen,2024-12-16 23:23:03.752,2024-12-16 23:30:37.556,0 days 00:07:33.804000,453.804
364,bathroom,2024-12-17 05:08:59.758,2024-12-17 05:08:59.758,0 days 00:00:00,0.0
365,livingroomdoor,2024-12-17 05:42:46.000,2024-12-17 05:45:29.000,0 days 00:02:43,163.0
366,bathroom,2024-12-17 06:08:54.749,2024-12-17 06:16:13.727,0 days 00:07:18.978000,438.978
367,kitchen,2024-12-17 06:16:19.747,2024-12-17 06:16:28.111,0 days 00:00:08.364000,8.364
368,bathroom,2024-12-17 06:16:28.560,2024-12-17 06:16:41.370,0 days 00:00:12.810000,12.81
369,kitchen,2024-12-17 06:16:47.461,2024-12-17 06:16:55.346,0 days 00:00:07.885000,7.885
370,bathroom,2024-12-17 06:16:56.986,2024-12-17 06:16:56.986,0 days 00:00:00,0.0
371,kitchen,2024-12-17 06:17:06.242,2024-12-17 06:17:35.533,0 days 00:00:29.291000,29.291
372,bathroom,2024-12-17 06:17:37.651,2024-12-17 06:17:37.651,0 days 00:00:00,0.0
373,kitchen,2024-12-17 06:17:43.480,2024-12-17 06:17:58.304,0 days 00:00:14.824000,14.824
374,bathroom,2024-12-17 06:17:59.408,2024-12-17 06:17:59.408,0 days 00:00:00,0.0
375,kitchen,2024-12-17 06:18:01.607,2024-12-17 06:18:08.232,0 days 00:00:06.625000,6.625
376,bathroom,2024-12-17 06:18:09.181,2024-12-17 06:18:09.181,0 days 00:00:00,0.0
377,kitchen,2024-12-17 06:18:14.593,2024-12-17 06:18:14.905,0 days 00:00:00.312000,0.312
378,bathroom,2024-12-17 06:18:15.965,2024-12-17 06:18:22.930,0 days 00:00:06.965000,6.965
379,kitchen,2024-12-17 06:18:29.916,2024-12-17 06:22:03.870,0 days 00:03:33.954000,213.954
380,bathroom,2024-12-17 06:22:11.092,2024-12-17 06:22:11.092,0 days 00:00:00,0.0
381,kitchen,2024-12-17 06:22:12.910,2024-12-17 06:22:12.910,0 days 00:00:00,0.0
382,bathroom,2024-12-17 06:22:18.308,2024-12-17 06:22:18.308,0 days 00:00:00,0.0
383,kitchen,2024-12-17 06:22:18.590,2024-12-17 06:22:59.821,0 days 00:00:41.231000,41.231
384,bathroom,2024-12-17 06:23:09.674,2024-12-17 06:23:09.674,0 days 00:00:00,0.0
385,kitchen,2024-12-17 06:23:31.736,2024-12-17 06:23:31.736,0 days 00:00:00,0.0
386,bathroom,2024-12-17 06:24:10.291,2024-12-17 09:19:31.034,0 days 02:55:20.743000,10520.743
387,livingroomdoor,2024-12-17 09:59:25.000,2024-12-17 09:59:25.000,0 days 00:00:00,0.0
388,livingroombedarea,2024-12-17 10:23:44.584,2024-12-17 10:49:54.234,0 days 00:26:09.650000,1569.65
389,livingroomdoor,2024-12-17 11:14:54.000,2024-12-17 11:14:54.000,0 days 00:00:00,0.0
390,kitchen,2024-12-17 11:47:13.158,2024-12-17 12:09:26.079,0 days 00:22:12.921000,1332.921
391,bathroom,2024-12-17 14:50:37.579,2024-12-17 14:50:37.579,0 days 00:00:00,0.0
392,kitchen,2024-12-17 23:14:27.597,2024-12-17 23:19:17.231,0 days 00:04:49.634000,289.634
393,bathroom,2024-12-17 23:20:46.164,2024-12-17 23:21:00.878,0 days 00:00:14.714000,14.714
394,kitchen,2024-12-17 23:22:08.091,2024-12-17 23:22:28.841,0 days 00:00:20.750000,20.75
395,bathroom,2024-12-17 23:22:30.906,2024-12-17 23:22:30.906,0 days 00:00:00,0.0
396,kitchen,2024-12-17 23:22:35.976,2024-12-17 23:22:35.976,0 days 00:00:00,0.0
397,bathroom,2024-12-17 23:22:52.417,2024-12-17 23:22:53.937,0 days 00:00:01.520000,1.52
398,kitchen,2024-12-17 23:22:55.184,2024-12-17 23:23:06.435,0 days 00:00:11.251000,11.251
399,bathroom,2024-12-17 23:23:08.120,2024-12-17 23:23:08.120,0 days 00:00:00,0.0
400,kitchen,2024-12-17 23:23:22.181,2024-12-17 23:23:22.181,0 days 00:00:00,0.0
401,bathroom,2024-12-17 23:23:33.264,2024-12-17 23:34:24.194,0 days 00:10:50.930000,650.93
402,livingroombedarea,2024-12-18 00:03:51.178,2024-12-18 07:31:06.661,0 days 07:27:15.483000,26835.483
403,bathroom,2024-12-18 09:17:54.102,2024-12-18 09:25:43.410,0 days 00:07:49.308000,469.308
404,kitchen,2024-12-18 09:27:40.027,2024-12-18 09:29:08.044,0 days 00:01:28.017000,88.017
405,bathroom,2024-12-18 09:29:27.578,2024-12-18 09:29:53.399,0 days 00:00:25.821000,25.821
406,kitchen,2024-12-18 09:30:02.068,2024-12-18 09:30:17.719,0 days 00:00:15.651000,15.651
407,bathroom,2024-12-18 09:30:25.301,2024-12-18 09:32:05.822,0 days 00:01:40.521000,100.521
408,kitchen,2024-12-18 09:32:07.488,2024-12-18 09:34:14.565,0 days 00:02:07.077000,127.077
409,bathroom,2024-12-18 09:36:27.846,2024-12-18 09:36:45.029,0 days 00:00:17.183000,17.183
410,kitchen,2024-12-18 09:36:49.079,2024-12-18 09:37:01.747,0 days 00:00:12.668000,12.668
411,bathroom,2024-12-18 09:37:09.378,2024-12-18 09:39:36.350,0 days 00:02:26.972000,146.972
412,kitchen,2024-12-18 09:40:13.449,2024-12-18 09:40:24.768,0 days 00:00:11.319000,11.319
413,bathroom,2024-12-18 09:40:26.571,2024-12-18 09:40:26.571,0 days 00:00:00,0.0
414,kitchen,2024-12-18 09:40:34.851,2024-12-18 09:40:46.413,0 days 00:00:11.562000,11.562
415,bathroom,2024-12-18 09:40:50.549,2024-12-18 09:40:50.549,0 days 00:00:00,0.0
416,kitchen,2024-12-18 09:40:53.126,2024-12-18 09:40:53.126,0 days 00:00:00,0.0
417,bathroom,2024-12-18 09:41:05.404,2024-12-18 09:52:18.770,0 days 00:11:13.366000,673.366
418,kitchen,2024-12-18 09:52:29.020,2024-12-18 09:52:29.020,0 days 00:00:00,0.0
419,bathroom,2024-12-18 09:52:29.438,2024-12-18 09:52:38.979,0 days 00:00:09.541000,9.541
420,kitchen,2024-12-18 09:52:54.669,2024-12-18 09:52:54.669,0 days 00:00:00,0.0
421,bathroom,2024-12-18 09:52:56.447,2024-12-18 09:52:56.447,0 days 00:00:00,0.0
422,kitchen,2024-12-18 09:53:07.642,2024-12-18 09:57:46.768,0 days 00:04:39.126000,279.126
423,bathroom,2024-12-18 10:04:13.395,2024-12-18 10:04:13.395,0 days 00:00:00,0.0
424,kitchen,2024-12-18 10:04:36.222,2024-12-18 10:08:23.253,0 days 00:03:47.031000,227.031
425,livingroomdoor,2024-12-18 10:16:21.000,2024-12-18 10:16:21.000,0 days 00:00:00,0.0
426,bathroom,2024-12-18 10:18:02.275,2024-12-18 10:18:35.920,0 days 00:00:33.645000,33.645
427,kitchen,2024-12-18 10:18:48.105,2024-12-18 10:20:03.780,0 days 00:01:15.675000,75.675
428,bathroom,2024-12-18 10:21:41.980,2024-12-18 10:23:12.861,0 days 00:01:30.881000,90.881
429,kitchen,2024-12-18 10:27:02.715,2024-12-18 10:30:14.128,0 days 00:03:11.413000,191.413
430,bathroom,2024-12-18 10:30:14.251,2024-12-18 10:30:14.251,0 days 00:00:00,0.0
431,kitchen,2024-12-18 10:30:20.855,2024-12-18 10:56:35.570,0 days 00:26:14.715000,1574.715
432,livingroombedarea,2024-12-18 11:03:21.472,2024-12-18 11:03:21.472,0 days 00:00:00,0.0
433,kitchen,2024-12-18 11:16:22.867,2024-12-18 11:18:00.694,0 days 00:01:37.827000,97.827
434,livingroombedarea,2024-12-18 11:19:55.864,2024-12-18 11:20:07.003,0 days 00:00:11.139000,11.139
435,kitchen,2024-12-18 11:26:12.576,2024-12-18 11:27:33.082,0 days 00:01:20.506000,80.506
436,bathroom,2024-12-18 11:38:06.441,2024-12-18 11:38:38.364,0 days 00:00:31.923000,31.923000000000002
437,livingroombedarea,2024-12-18 11:57:28.669,2024-12-18 11:57:28.669,0 days 00:00:00,0.0
438,kitchen,2024-12-18 12:05:52.776,2024-12-18 12:07:58.989,0 days 00:02:06.213000,126.213
439,bathroom,2024-12-18 12:09:20.150,2024-12-18 12:09:20.150,0 days 00:00:00,0.0
440,livingroombedarea,2024-12-18 12:15:03.019,2024-12-18 12:27:08.080,0 days 00:12:05.061000,725.061
441,bathroom,2024-12-18 12:30:04.242,2024-12-18 12:48:05.288,0 days 00:18:01.046000,1081.046
442,kitchen,2024-12-18 12:48:18.472,2024-12-18 12:48:38.649,0 days 00:00:20.177000,20.177
443,livingroombedarea,2024-12-18 13:07:55.654,2024-12-18 13:07:55.654,0 days 00:00:00,0.0
444,bathroom,2024-12-18 13:11:54.735,2024-12-18 13:15:41.326,0 days 00:03:46.591000,226.591
445,kitchen,2024-12-18 13:15:46.802,2024-12-18 13:16:01.978,0 days 00:00:15.176000,15.176
446,bathroom,2024-12-18 13:16:05.805,2024-12-18 13:16:05.805,0 days 00:00:00,0.0
447,kitchen,2024-12-18 13:16:17.489,2024-12-18 13:16:56.743,0 days 00:00:39.254000,39.254
448,bathroom,2024-12-18 13:17:04.973,2024-12-18 13:18:41.094,0 days 00:01:36.121000,96.121
449,kitchen,2024-12-18 13:22:41.244,2024-12-18 13:37:53.347,0 days 00:15:12.103000,912.103
450,livingroombedarea,2024-12-18 13:42:38.128,2024-12-18 13:42:38.128,0 days 00:00:00,0.0
451,kitchen,2024-12-18 13:45:12.103,2024-12-18 13:45:26.031,0 days 00:00:13.928000,13.928
452,livingroombedarea,2024-12-18 13:47:08.683,2024-12-18 13:50:48.414,0 days 00:03:39.731000,219.731
453,kitchen,2024-12-18 13:51:59.409,2024-12-18 13:54:03.540,0 days 00:02:04.131000,124.131
454,livingroomdoor,2024-12-18 15:24:05.000,2024-12-18 15:24:05.000,0 days 00:00:00,0.0
455,bathroom,2024-12-18 15:27:39.734,2024-12-18 15:27:39.734,0 days 00:00:00,0.0
456,kitchen,2024-12-18 15:28:16.258,2024-12-18 15:28:16.258,0 days 00:00:00,0.0
457,bathroom,2024-12-18 15:28:17.369,2024-12-18 15:28:25.247,0 days 00:00:07.878000,7.878
458,kitchen,2024-12-18 15:28:34.780,2024-12-18 15:43:59.527,0 days 00:15:24.747000,924.747
459,livingroomdoor,2024-12-18 17:50:07.000,2024-12-18 17:50:07.000,0 days 00:00:00,0.0
460,bathroom,2024-12-18 18:23:24.869,2024-12-18 18:24:06.146,0 days 00:00:41.277000,41.277
461,kitchen,2024-12-18 18:35:43.062,2024-12-18 18:36:41.521,0 days 00:00:58.459000,58.459
462,livingroomdoor,2024-12-18 21:52:13.000,2024-12-18 22:07:27.000,0 days 00:15:14,914.0
463,bathroom,2024-12-18 22:07:29.201,2024-12-18 22:09:30.778,0 days 00:02:01.577000,121.577
464,kitchen,2024-12-18 22:10:22.919,2024-12-18 22:17:59.484,0 days 00:07:36.565000,456.565
465,livingroomdoor,2024-12-18 22:18:18.000,2024-12-18 22:22:12.000,0 days 00:03:54,234.0
466,kitchen,2024-12-18 22:22:42.240,2024-12-18 22:34:28.087,0 days 00:11:45.847000,705.847
467,livingroomdoor,2024-12-18 22:45:02.000,2024-12-18 22:45:02.000,0 days 00:00:00,0.0
468,bathroom,2024-12-18 22:45:07.288,2024-12-18 22:45:07.288,0 days 00:00:00,0.0
469,kitchen,2024-12-18 22:49:49.628,2024-12-18 23:00:49.679,0 days 00:11:00.051000,660.051
470,bathroom,2024-12-18 23:00:56.506,2024-12-18 23:00:56.506,0 days 00:00:00,0.0
471,kitchen,2024-12-18 23:00:56.684,2024-12-18 23:01:02.216,0 days 00:00:05.532000,5.532
472,bathroom,2024-12-18 23:01:29.135,2024-12-18 23:12:05.135,0 days 00:10:36,636.0
473,kitchen,2024-12-18 23:19:44.545,2024-12-18 23:19:58.379,0 days 00:00:13.834000,13.834
474,bathroom,2024-12-18 23:20:00.787,2024-12-18 23:20:00.787,0 days 00:00:00,0.0
475,kitchen,2024-12-18 23:20:05.111,2024-12-18 23:20:24.064,0 days 00:00:18.953000,18.953
476,bathroom,2024-12-18 23:20:35.665,2024-12-18 23:21:38.070,0 days 00:01:02.405000,62.405
477,kitchen,2024-12-18 23:22:00.487,2024-12-18 23:22:22.013,0 days 00:00:21.526000,21.526
478,bathroom,2024-12-18 23:22:54.370,2024-12-18 23:25:38.891,0 days 00:02:44.521000,164.521
479,livingroombedarea,2024-12-19 00:49:40.167,2024-12-19 00:49:40.167,0 days 00:00:00,0.0
480,livingroomdoor,2024-12-19 06:42:34.000,2024-12-19 06:57:21.000,0 days 00:14:47,887.0
481,bathroom,2024-12-19 07:16:09.639,2024-12-19 07:34:09.703,0 days 00:18:00.064000,1080.064
482,kitchen,2024-12-19 07:34:34.356,2024-12-19 07:43:09.275,0 days 00:08:34.919000,514.919
483,livingroomdoor,2024-12-19 07:47:56.000,2024-12-19 07:47:56.000,0 days 00:00:00,0.0
484,kitchen,2024-12-19 07:50:21.678,2024-12-19 08:04:58.137,0 days 00:14:36.459000,876.459
485,livingroomdoor,2024-12-19 08:04:59.000,2024-12-19 08:04:59.000,0 days 00:00:00,0.0
486,kitchen,2024-12-19 08:05:10.766,2024-12-19 08:06:23.032,0 days 00:01:12.266000,72.266
487,livingroomdoor,2024-12-19 08:06:33.000,2024-12-19 08:06:33.000,0 days 00:00:00,0.0
488,kitchen,2024-12-19 08:06:41.956,2024-12-19 08:14:05.909,0 days 00:07:23.953000,443.953
489,livingroomdoor,2024-12-19 08:14:11.000,2024-12-19 08:14:11.000,0 days 00:00:00,0.0
490,kitchen,2024-12-19 08:14:12.110,2024-12-19 08:14:43.234,0 days 00:00:31.124000,31.124
491,livingroomdoor,2024-12-19 08:14:44.000,2024-12-19 08:14:44.000,0 days 00:00:00,0.0
492,kitchen,2024-12-19 08:15:06.176,2024-12-19 08:16:58.100,0 days 00:01:51.924000,111.924
493,livingroomdoor,2024-12-19 08:19:45.000,2024-12-19 08:23:32.000,0 days 00:03:47,227.0
494,bathroom,2024-12-19 08:34:29.225,2024-12-19 08:35:50.326,0 days 00:01:21.101000,81.101
495,kitchen,2024-12-19 08:35:55.299,2024-12-19 08:35:55.299,0 days 00:00:00,0.0
496,bathroom,2024-12-19 08:36:02.666,2024-12-19 08:36:02.666,0 days 00:00:00,0.0
497,kitchen,2024-12-19 08:36:09.136,2024-12-19 08:36:09.136,0 days 00:00:00,0.0
498,bathroom,2024-12-19 08:36:10.213,2024-12-19 08:36:17.222,0 days 00:00:07.009000,7.009
499,kitchen,2024-12-19 08:36:24.872,2024-12-19 08:36:44.746,0 days 00:00:19.874000,19.874
500,bathroom,2024-12-19 08:36:47.846,2024-12-19 08:37:31.776,0 days 00:00:43.930000,43.93
501,kitchen,2024-12-19 08:37:32.140,2024-12-19 08:37:44.429,0 days 00:00:12.289000,12.289
502,bathroom,2024-12-19 08:38:15.509,2024-12-19 08:38:34.231,0 days 00:00:18.722000,18.722
503,kitchen,2024-12-19 08:39:58.297,2024-12-19 08:39:58.297,0 days 00:00:00,0.0
504,bathroom,2024-12-19 08:40:10.442,2024-12-19 08:41:07.838,0 days 00:00:57.396000,57.396
505,livingroomdoor,2024-12-19 08:41:32.000,2024-12-19 08:41:32.000,0 days 00:00:00,0.0
506,kitchen,2024-12-19 08:53:35.110,2024-12-19 09:03:33.592,0 days 00:09:58.482000,598.482
507,livingroomdoor,2024-12-19 09:07:03.000,2024-12-19 09:07:03.000,0 days 00:00:00,0.0
508,kitchen,2024-12-19 09:07:57.711,2024-12-19 09:12:05.544,0 days 00:04:07.833000,247.833
509,bathroom,2024-12-19 09:20:40.666,2024-12-19 09:21:00.841,0 days 00:00:20.175000,20.175
510,kitchen,2024-12-19 09:21:20.846,2024-12-19 09:21:38.829,0 days 00:00:17.983000,17.983
511,bathroom,2024-12-19 09:21:41.852,2024-12-19 09:21:41.852,0 days 00:00:00,0.0
512,kitchen,2024-12-19 09:21:47.612,2024-12-19 09:22:55.450,0 days 00:01:07.838000,67.838
513,bathroom,2024-12-19 09:26:27.003,2024-12-19 09:26:27.003,0 days 00:00:00,0.0
514,kitchen,2024-12-19 09:34:16.364,2024-12-19 09:34:16.364,0 days 00:00:00,0.0
515,livingroombedarea,2024-12-19 09:42:54.494,2024-12-19 09:43:02.316,0 days 00:00:07.822000,7.822
516,bathroom,2024-12-19 09:49:08.566,2024-12-19 09:55:31.147,0 days 00:06:22.581000,382.581
517,kitchen,2024-12-19 09:58:24.478,2024-12-19 10:08:20.386,0 days 00:09:55.908000,595.908
518,livingroombedarea,2024-12-19 10:09:52.397,2024-12-19 10:09:52.397,0 days 00:00:00,0.0
519,kitchen,2024-12-19 10:10:48.402,2024-12-19 10:20:06.871,0 days 00:09:18.469000,558.469
520,livingroomdoor,2024-12-19 11:20:19.000,2024-12-19 11:27:29.000,0 days 00:07:10,430.0
521,bathroom,2024-12-19 11:31:44.109,2024-12-19 11:33:06.694,0 days 00:01:22.585000,82.585
522,kitchen,2024-12-19 11:57:18.522,2024-12-19 11:57:29.536,0 days 00:00:11.014000,11.014
523,livingroomdoor,2024-12-19 11:57:33.000,2024-12-19 11:57:33.000,0 days 00:00:00,0.0
524,kitchen,2024-12-19 11:57:42.839,2024-12-19 12:16:07.898,0 days 00:18:25.059000,1105.059
525,bathroom,2024-12-19 12:18:09.268,2024-12-19 12:23:48.855,0 days 00:05:39.587000,339.587
526,livingroomdoor,2024-12-19 12:26:46.000,2024-12-19 12:26:46.000,0 days 00:00:00,0.0
527,kitchen,2024-12-19 12:28:28.314,2024-12-19 12:28:48.025,0 days 00:00:19.711000,19.711
528,livingroomdoor,2024-12-19 12:28:52.000,2024-12-19 12:28:52.000,0 days 00:00:00,0.0
529,kitchen,2024-12-19 12:29:01.248,2024-12-19 12:29:01.248,0 days 00:00:00,0.0
530,livingroomdoor,2024-12-19 12:39:17.000,2024-12-19 12:39:17.000,0 days 00:00:00,0.0
531,bathroom,2024-12-19 12:40:23.975,2024-12-19 12:40:23.975,0 days 00:00:00,0.0
532,kitchen,2024-12-19 12:42:23.464,2024-12-19 12:42:55.416,0 days 00:00:31.952000,31.951999999999998
533,livingroombedarea,2024-12-19 12:43:05.080,2024-12-19 12:43:05.080,0 days 00:00:00,0.0
534,kitchen,2024-12-19 12:43:11.115,2024-12-19 13:11:34.695,0 days 00:28:23.580000,1703.58
535,bathroom,2024-12-19 13:15:52.007,2024-12-19 13:33:24.064,0 days 00:17:32.057000,1052.057
536,livingroombedarea,2024-12-19 13:36:03.764,2024-12-19 13:36:03.764,0 days 00:00:00,0.0
537,bathroom,2024-12-19 13:46:19.267,2024-12-19 13:46:26.531,0 days 00:00:07.264000,7.264
538,kitchen,2024-12-19 13:47:14.475,2024-12-19 13:47:14.475,0 days 00:00:00,0.0
539,bathroom,2024-12-19 13:47:44.699,2024-12-19 13:57:32.147,0 days 00:09:47.448000,587.448
540,kitchen,2024-12-19 14:07:44.095,2024-12-19 14:10:06.240,0 days 00:02:22.145000,142.145
541,bathroom,2024-12-19 14:12:00.718,2024-12-19 14:12:00.718,0 days 00:00:00,0.0
542,kitchen,2024-12-19 14:20:18.894,2024-12-19 15:32:34.926,0 days 01:12:16.032000,4336.032
543,livingroomdoor,2024-12-19 16:56:35.000,2024-12-19 16:56:35.000,0 days 00:00:00,0.0
544,bathroom,2024-12-19 17:41:32.514,2024-12-19 17:42:05.418,0 days 00:00:32.904000,32.904
545,kitchen,2024-12-19 17:48:52.542,2024-12-19 17:50:24.646,0 days 00:01:32.104000,92.104
546,livingroomdoor,2024-12-19 17:50:46.000,2024-12-19 17:50:46.000,0 days 00:00:00,0.0
547,livingroombedarea,2024-12-19 17:51:46.393,2024-12-19 17:52:32.628,0 days 00:00:46.235000,46.235
548,kitchen,2024-12-19 17:53:15.622,2024-12-19 17:53:19.586,0 days 00:00:03.964000,3.964
549,livingroombedarea,2024-12-19 17:53:25.029,2024-12-19 17:53:25.029,0 days 00:00:00,0.0
550,kitchen,2024-12-19 17:53:27.075,2024-12-19 17:55:53.945,0 days 00:02:26.870000,146.87
551,livingroombedarea,2024-12-19 17:56:16.696,2024-12-19 17:56:16.696,0 days 00:00:00,0.0
552,kitchen,2024-12-19 18:07:26.571,2024-12-19 18:08:53.315,0 days 00:01:26.744000,86.744
553,bathroom,2024-12-19 18:34:14.953,2024-12-19 18:34:38.469,0 days 00:00:23.516000,23.516
554,livingroombedarea,2024-12-19 19:58:02.377,2024-12-19 19:58:02.377,0 days 00:00:00,0.0
555,bathroom,2024-12-19 23:38:50.476,2024-12-19 23:46:19.331,0 days 00:07:28.855000,448.855
556,kitchen,2024-12-19 23:47:05.255,2024-12-19 23:51:05.475,0 days 00:04:00.220000,240.22
557,bathroom,2024-12-19 23:51:54.200,2024-12-19 23:53:01.740,0 days 00:01:07.540000,67.54
558,kitchen,2024-12-19 23:53:14.652,2024-12-19 23:53:14.652,0 days 00:00:00,0.0
559,bathroom,2024-12-19 23:53:23.481,2024-12-19 23:53:23.481,0 days 00:00:00,0.0
560,kitchen,2024-12-19 23:53:25.331,2024-12-19 23:54:29.456,0 days 00:01:04.125000,64.125
561,bathroom,2024-12-19 23:54:33.031,2024-12-19 23:54:33.031,0 days 00:00:00,0.0
562,kitchen,2024-12-19 23:56:29.017,2024-12-19 23:58:07.687,0 days 00:01:38.670000,98.67
563,bathroom,2024-12-20 00:01:14.579,2024-12-20 00:01:14.579,0 days 00:00:00,0.0
564,kitchen,2024-12-20 00:02:33.417,2024-12-20 00:03:00.970,0 days 00:00:27.553000,27.553
565,bathroom,2024-12-20 00:03:54.518,2024-12-20 00:06:05.937,0 days 00:02:11.419000,131.419
566,livingroomdoor,2024-12-20 06:48:27.000,2024-12-20 07:15:27.000,0 days 00:27:00,1620.0
567,bathroom,2024-12-20 07:32:19.644,2024-12-20 07:35:45.879,0 days 00:03:26.235000,206.235
568,kitchen,2024-12-20 07:40:16.223,2024-12-20 07:48:03.661,0 days 00:07:47.438000,467.438
569,bathroom,2024-12-20 07:48:14.585,2024-12-20 07:48:14.585,0 days 00:00:00,0.0
570,kitchen,2024-12-20 07:48:29.103,2024-12-20 07:56:42.231,0 days 00:08:13.128000,493.128
571,bathroom,2024-12-20 07:56:52.534,2024-12-20 07:56:52.534,0 days 00:00:00,0.0
572,kitchen,2024-12-20 07:57:00.717,2024-12-20 07:57:00.717,0 days 00:00:00,0.0
573,bathroom,2024-12-20 07:57:03.301,2024-12-20 07:57:15.098,0 days 00:00:11.797000,11.797
574,kitchen,2024-12-20 07:57:22.303,2024-12-20 07:57:22.303,0 days 00:00:00,0.0
575,bathroom,2024-12-20 07:57:27.191,2024-12-20 07:57:27.191,0 days 00:00:00,0.0
576,kitchen,2024-12-20 07:57:29.964,2024-12-20 07:57:37.403,0 days 00:00:07.439000,7.439
577,bathroom,2024-12-20 07:57:38.342,2024-12-20 07:57:38.342,0 days 00:00:00,0.0
578,kitchen,2024-12-20 07:57:50.827,2024-12-20 07:57:50.827,0 days 00:00:00,0.0
579,bathroom,2024-12-20 07:58:03.807,2024-12-20 07:58:03.807,0 days 00:00:00,0.0
580,kitchen,2024-12-20 07:58:07.483,2024-12-20 07:58:31.860,0 days 00:00:24.377000,24.377
581,bathroom,2024-12-20 07:58:39.701,2024-12-20 08:03:24.944,0 days 00:04:45.243000,285.243
582,kitchen,2024-12-20 08:09:57.436,2024-12-20 08:11:30.820,0 days 00:01:33.384000,93.384
583,bathroom,2024-12-20 08:11:39.601,2024-12-20 08:11:39.601,0 days 00:00:00,0.0
584,kitchen,2024-12-20 08:12:01.476,2024-12-20 08:12:44.856,0 days 00:00:43.380000,43.38
585,bathroom,2024-12-20 08:12:54.788,2024-12-20 08:12:54.788,0 days 00:00:00,0.0
586,kitchen,2024-12-20 08:12:55.713,2024-12-20 08:13:21.486,0 days 00:00:25.773000,25.773
587,bathroom,2024-12-20 08:13:45.004,2024-12-20 08:13:48.792,0 days 00:00:03.788000,3.7880000000000003
588,kitchen,2024-12-20 08:14:05.794,2024-12-20 08:14:05.794,0 days 00:00:00,0.0
589,bathroom,2024-12-20 08:14:13.292,2024-12-20 08:14:13.292,0 days 00:00:00,0.0
590,livingroomdoor,2024-12-20 08:14:16.000,2024-12-20 08:14:16.000,0 days 00:00:00,0.0
591,kitchen,2024-12-20 08:14:16.716,2024-12-20 08:14:16.716,0 days 00:00:00,0.0
592,bathroom,2024-12-20 08:14:23.795,2024-12-20 08:14:23.795,0 days 00:00:00,0.0
593,kitchen,2024-12-20 08:14:29.446,2024-12-20 08:14:29.446,0 days 00:00:00,0.0
594,bathroom,2024-12-20 08:14:32.690,2024-12-20 08:19:38.473,0 days 00:05:05.783000,305.783
595,livingroombedarea,2024-12-20 08:27:21.007,2024-12-20 08:27:21.007,0 days 00:00:00,0.0
596,bathroom,2024-12-20 08:28:39.623,2024-12-20 08:32:38.034,0 days 00:03:58.411000,238.411
597,kitchen,2024-12-20 08:42:15.826,2024-12-20 09:12:34.187,0 days 00:30:18.361000,1818.361
598,livingroomdoor,2024-12-20 10:05:23.000,2024-12-20 10:05:23.000,0 days 00:00:00,0.0
599,kitchen,2024-12-20 10:12:42.337,2024-12-20 10:14:08.024,0 days 00:01:25.687000,85.687
600,livingroombedarea,2024-12-20 10:29:05.965,2024-12-20 10:29:05.965,0 days 00:00:00,0.0
601,bathroom,2024-12-20 11:00:47.461,2024-12-20 11:01:12.127,0 days 00:00:24.666000,24.666
602,kitchen,2024-12-20 11:32:21.529,2024-12-20 11:48:39.575,0 days 00:16:18.046000,978.046
603,livingroomdoor,2024-12-20 11:52:03.000,2024-12-20 11:52:03.000,0 days 00:00:00,0.0
604,bathroom,2024-12-20 12:40:56.018,2024-12-20 12:41:17.513,0 days 00:00:21.495000,21.495
605,kitchen,2024-12-20 12:55:24.287,2024-12-20 12:55:30.813,0 days 00:00:06.526000,6.526
606,livingroomdoor,2024-12-20 13:04:38.000,2024-12-20 13:04:38.000,0 days 00:00:00,0.0
607,bathroom,2024-12-20 13:07:19.647,2024-12-20 13:09:24.426,0 days 00:02:04.779000,124.779
608,kitchen,2024-12-20 13:14:31.547,2024-12-20 13:14:51.988,0 days 00:00:20.441000,20.441
609,bathroom,2024-12-20 13:17:33.111,2024-12-20 13:20:02.172,0 days 00:02:29.061000,149.061
610,kitchen,2024-12-20 13:23:55.668,2024-12-20 13:49:49.790,0 days 00:25:54.122000,1554.122
611,bathroom,2024-12-20 13:55:39.234,2024-12-20 13:58:21.512,0 days 00:02:42.278000,162.278
612,kitchen,2024-12-20 14:00:01.699,2024-12-20 14:01:30.832,0 days 00:01:29.133000,89.133
613,bathroom,2024-12-20 14:02:46.619,2024-12-20 14:02:46.619,0 days 00:00:00,0.0
614,kitchen,2024-12-20 14:04:25.613,2024-12-20 15:53:31.070,0 days 01:49:05.457000,6545.457
615,livingroombedarea,2024-12-20 15:57:15.724,2024-12-20 15:57:15.724,0 days 00:00:00,0.0
616,livingroomdoor,2024-12-20 15:57:35.000,2024-12-20 15:57:35.000,0 days 00:00:00,0.0
617,kitchen,2024-12-20 15:57:41.522,2024-12-20 16:22:56.497,0 days 00:25:14.975000,1514.975
